<?xml version="1.0" encoding="utf-8" standalone="yes"?>
<addon id="plugin.video.TMCVOD"
       name="[COLOR FFFFFFFF]TurkMediaCenterVOD[/COLOR]"
       version="2.0.0"
       provider-name="TurkMediaCenterVOD">
  <requires>
    <import addon="xbmc.python" version="2.1.0"/>
	<import addon="script.module.urlresolver" version="5.0.63"/>
  </requires>
  <extension point="xbmc.python.pluginsource" provides="video" library="addon.py">
    <provides>video</provides>
  </extension>
  <extension point="xbmc.addon.metadata">
    <summary>Kodi_icin_Free_uygulama: Turk_Media_Center. iletisim: www.turkmediacenter.com</summary>
    <description>Kodi_icin_Free_uygulama: Turk_Media_Center. iletisim: www.turkmediacenter.com</description>
    <platform>all</platform>
  </extension>
</addon>