<?xml version="1.0" encoding="UTF-8" standalone="yes"?>
<addon id="plugin.video.TMCViP" name="T_M_C_ViP_" version="9.0.1" provider-name="Webcenter@SilaPlayer©2020">
	<requires>
		<import addon="xbmc.python" version="2.19.0" />
		 <import addon="script.module.urlresolver" version="5.0.67"/>
	</requires>
	<extension point="xbmc.python.pluginsource" library="playvideo.py">
		<provides>video</provides>
	</extension>
	<extension point="xbmc.addon.metadata">
	    <summary>Kodi_icin_Free_uygulama: Turk_Media_Center. iletisim: www.turkmediacenter.com</summary>
         <description>Kodi_icin_Free_uygulama: Turk_Media_Center. iletisim: www.turkmediacenter.com</description>	
		<platform>all</platform>
		<forum>www.turkmediacenter.com</forum>
		<website>www.turkmediacenter.com</website>
		<news></news>
		<genre>movies,tvshows</genre>
		<video_guide></video_guide>
		<video_preview></video_preview>
	</extension>
</addon>
